MSE,SSIM,Tag
82.61952039930556,0.5368391616304821,0
55.98410373263889,0.5468226619462496,1
83.5121799045139,0.4878933934411683,0
103.57069227430556,0.5849208951223713,1
81.23790147569444,0.5469854025687485,0
56.20477973090278,0.5628202570466707,1
79.68025716145833,0.5962267660123298,0
83.82378472222223,0.5459680273600065,0
61.16997612847222,0.5050351657263406,1
107.36046006944444,0.5864957964353896,1
54.58943684895834,0.5559081852107157,1
57.18798828125,0.554508402185953,1
60.62443033854166,0.5540259485686736,1
75.1193576388889,0.6385763003932811,0
58.87348090277778,0.4994232663637647,1
81.0910373263889,0.557720694617075,0
82.9756130642361,0.5055480839360182,0
81.1396213107639,0.5672244614451775,0
51.332139756944436,0.5658430158359438,1
80.112060546875,0.5687385624603656,0
102.25230577256944,0.5719633119318484,1
66.10555013020833,0.6158542036540386,1
78.4794650607639,0.6018749081547269,0
54.002061631944436,0.574181054131631,1
91.68302408854169,0.2730872979317569,0
52.612060546875,0.5862229147885812,1
51.18796115451389,0.5922072493538667,1
80.1806640625,0.6357326582598982,0
79.26212565104167,0.5953448359734334,1
52.07123480902778,0.5866375273332379,1
66.0883517795139,0.6027224515744823,1
51.083984375,0.6015098982307816,1
59.66878255208334,0.5664471630605888,1
56.981689453125,0.5734420254877366,1
79.09632703993056,0.6239848866737797,0
86.21421983506944,0.558348087484805,1
78.1452907986111,0.5938242498502277,0
87.29131401909723,0.3725484910280563,0
51.81396484375,0.5786662543963439,0
55.296875,0.5662792143943226,1
81.6376681857639,0.5992917387594214,0
52.10294596354166,0.5856770979409452,1
55.47922092013889,0.6268791876297409,1
85.1293674045139,0.3153564986083711,0
54.56136067708334,0.5767441705942135,1
52.64645724826389,0.5922077924002273,1
48.173448350694436,0.5931008079827965,1
109.85340711805556,0.3581720366769705,1
86.615966796875,0.3299712458430317,1
51.6826171875,0.5844231866380512,1
52.12698025173611,0.5848282968370127,1
81.2004123263889,0.5371448462695518,0
52.27438693576389,0.5669116033316527,1
53.84684244791666,0.5679251690796412,1
92.1123046875,0.2291424230663584,1
52.52840169270834,0.5778416225991154,1
49.453477647569436,0.5891652158931555,1
79.65440538194444,0.6494649448873859,0
77.04182942708333,0.6484745855489281,0
108.91493055555556,0.3838131784960391,1
52.90326605902778,0.5746989404024891,1
77.68744574652777,0.6256890960275637,0
63.86279296875,0.5017977551846706,0
90.683837890625,0.6020235131729322,1
59.33159722222222,0.5300869722524029,1
58.25754123263889,0.5330568308584819,1
49.48456488715278,0.584910374820409,1
53.98746744791666,0.5831631769341504,1
60.00130208333334,0.515881940510191,1
78.5354275173611,0.6106948830738691,0
81.98011610243056,0.5378313059519991,0
90.50271267361113,0.2865620717211874,0
79.72157118055556,0.5883950462956348,0
80.12584092881944,0.4838058816484641,0
82.86588541666667,0.5464197262577297,0
48.79562717013889,0.6079260159687782,1
55.928005642361114,0.5300556567818556,1
52.347303602430564,0.5785653437683904,1
74.52210828993056,0.7362220603855331,0
72.14518229166667,0.7623460789021034,0
51.97623697916666,0.5776022333000562,1
72.9822048611111,0.6542730578207937,0
80.31583658854167,0.572408309624766,0
56.29964192708334,0.6092051648913346,1
71.47981770833333,0.5818428662719956,1
85.18975151909723,0.3313782344786473,0
82.8720431857639,0.4545852569820836,0
63.89358181423611,0.5643246106726026,1
93.16574435763887,0.44466047923012825,1
76.59185112847223,0.6371630604582283,0
80.04576280381944,0.6183715881489072,0
92.78678385416669,0.2438009195683168,0
76.81138780381944,0.691683839518281,0
52.16300455729166,0.5833701524443782,1
78.84771050347223,0.44039310431863227,0
80.59380425347223,0.5745402684617913,0
61.417588975694436,0.5686494239009191,1
73.25618489583333,0.5320059534646642,1
50.04044596354166,0.5874559982175716,0
63.15445963541666,0.6224706027616328,1
58.77587890625,0.5197848763740616,1
77.45524088541667,0.6409765397560174,0
97.83376736111113,0.6038556992333393,1
60.58710394965278,0.6242437436047716,1
77.28119574652777,0.7212109573581369,0
59.38590494791666,0.5287610106035601,0
80.61678059895833,0.4130574583388386,0
66.5646701388889,0.5881793972598338,1
90.41840277777777,0.3059318928134538,0
59.74283854166666,0.6018822878284986,1
64.59125434027777,0.5115938289487726,0
51.85953776041666,0.5862962227351328,1
60.04825846354166,0.4845085424538639,1
48.95285373263889,0.5999077989367072,1
64.90030924479167,0.5612776562402932,1
102.25618489583331,0.39332329905674135,1
53.85942925347222,0.5739707069036498,1
72.17466905381944,0.6705478688725772,0
50.52324761284722,0.5890630595716555,1
79.10224066840277,0.6108935056742211,0
75.98692491319444,0.6700862625880881,0
78.9053005642361,0.6284932686097601,0
57.52080620659722,0.5716964928339195,1
61.55802408854166,0.5222414067202218,1
82.06884765625,0.5776980695238474,0
57.888671875,0.5655752362981423,1
62.690565321180564,0.5407556898934233,1
79.046875,0.6344541196391705,0
77.9660915798611,0.6078988451927194,0
79.39784071180556,0.6033797169977927,0
50.31380208333334,0.5935645834636432,1
84.90785047743056,0.5587738399794497,1
78.32877604166667,0.6339756814025845,0
53.11895073784722,0.5646046079753178,1
52.47135416666666,0.5650702438290438,1
72.66590711805556,0.7384773054556354,0
49.56290690104166,0.611244418193054,1
76.04749891493056,0.6180590616006311,0
64.4914822048611,0.5644206506979605,1
53.10544162326389,0.5869014409379908,1
78.77587890625,0.6340134840718337,0
61.516384548611114,0.5173459893698797,0
53.64607747395834,0.5826993488209382,1
81.08634440104167,0.5401122911904471,0
74.15296766493056,0.6450622370516544,0
46.722276475694436,0.6192228321293525,0
97.28643120659723,0.19028927014914904,0
83.20320638020833,0.5344239531074615,0
84.0105251736111,0.5688704490485512,0
52.39276801215278,0.5835406613757825,1
88.0402560763889,0.3130940189575065,1
83.5429958767361,0.474447056550984,0
55.823377821180564,0.5548250760296043,1
82.33026801215277,0.5229318116924391,0
57.98578559027778,0.5737405923452839,1
80.4023708767361,0.5855186702973387,0
76.095458984375,0.5913064285824406,0
87.2963595920139,0.400265998643392,0
60.27001953125,0.4871426900488862,1
84.25960286458333,0.4680626176835085,0
77.93071831597223,0.6452592993667201,0
66.8376736111111,0.5169128735778724,1
51.393690321180564,0.5950720299111297,0
50.920301649305564,0.5930493715905708,1
82.45662434895833,0.5040252096547923,0
79.135986328125,0.6517950451253497,0
79.55162217881944,0.5317444221563635,0
50.072265625,0.5944166907592122,1
49.576931423611114,0.597051297573977,1
51.57039388020834,0.5876368066536586,1
86.46440972222223,0.5924521829172098,1
78.94501410590277,0.5758091195009067,0
49.80314127604166,0.5931623574271533,1
88.3727756076389,0.3744047813708921,0
81.31220160590277,0.5763208782015095,0
94.04017469618056,0.2237813151976602,1
53.34746636284722,0.5753891409541038,1
78.68269856770833,0.6660013991403352,0
54.04342990451389,0.5561740923757079,1
88.4347873263889,0.3964054944322719,0
59.340087890625,0.5204074157440091,1
76.7431369357639,0.7111985707419746,0
55.685438368055564,0.5455033929653248,1
82.82169596354167,0.5448823509906212,0
51.80365668402778,0.5838249282600492,1
73.34540473090277,0.6546527358844486,0
72.34657118055556,0.5836530297621312,1
59.81778971354166,0.4995901363390828,1
75.51719835069444,0.6382853065855078,0
79.773193359375,0.6124699086810482,0
55.149169921875,0.5599128158341412,1
62.26193576388889,0.4942268496508918,1
55.11593967013889,0.5493912822911661,1
55.791286892361114,0.5439033097196408,1
51.3310546875,0.5937184202633159,0
84.326171875,0.5310486040285399,0
76.39203559027777,0.6736386930696728,0
52.39157443576389,0.5830488084811077,1
56.473768446180564,0.5757139457684604,1
50.941297743055564,0.5940142284913562,1
75.6081814236111,0.6916847886583868,0
55.86311848958334,0.5786155534538286,1
52.101453993055564,0.5838283547803951,1
81.2499728732639,0.5395649804745446,0
77.3867458767361,0.6841924240565184,0
77.24839952256944,0.6320887635532375,0
94.36219618055556,0.2400292651523269,0
89.38872612847223,0.3280358309320998,0
83.61469184027777,0.4803678087355996,0
77.01793077256944,0.6678940038168218,0
113.45027669270831,0.4955559498038064,1
59.95442708333334,0.5904392475149832,1
76.31396484375,0.6841955590844331,0
72.11509874131944,0.7435707620056279,0
77.7759060329861,0.6510875898122153,0
76.65196397569444,0.6897183027252932,0
90.50154622395831,0.305507170980222,0
53.95244683159722,0.5831914748048562,1
51.66777886284722,0.5823064043056863,1
76.14073350694444,0.6194061254539602,0
80.0016818576389,0.581041806372134,0
100.86802842881944,0.5634325366211942,1
78.17740885416667,0.6599912774925547,0
78.03382703993056,0.606097259935759,0
88.23697916666669,0.39504692184368734,0
80.93568250868056,0.6105125555621497,0
75.88606770833333,0.6377056738973286,0
84.462890625,0.4664249648693927,0
87.079345703125,0.4511945185531552,0
75.64081488715277,0.7339535204154418,0
75.9924045138889,0.6117861109388696,0
68.65728081597223,0.593108440303831,1
54.288953993055564,0.5599660941126078,1
55.33420138888889,0.5608377199420862,1
57.240478515625,0.5612478211069768,1
50.48095703125,0.5934090634339185,1
49.863525390625,0.5962943806528913,1
72.2646484375,0.6668842476091976,0
75.89653862847223,0.6816954778590953,0
58.18671332465278,0.5576212208561503,1
83.896484375,0.47007573698995203,0
78.45868598090277,0.6460992363945596,0
57.41606987847222,0.5427332844395872,1
115.30455186631944,0.4019103780573457,1
52.77959526909722,0.5906394048413429,1
95.47759331597223,0.6142631270005788,1
79.86273871527777,0.5664805989792789,0
80.8986545138889,0.5837206096030725,0
78.00642903645833,0.6069270747861516,0
75.00493706597223,0.6691447510067093,0
81.1294216579861,0.5711425110829593,0
52.08987087673611,0.5988302943957838,1
74.7629123263889,0.6433637573222512,0
93.07625325520831,0.24999604709213394,1
49.93994140625,0.5954269001499329,1
58.893663194444436,0.5318001175827171,1
94.77652994791669,0.5363019519948863,1
72.21394856770833,0.7494905749685697,0
79.55476888020833,0.5969697664337469,0
79.9521484375,0.5496421531230153,0
58.671142578125,0.524047406175131,1
80.6623806423611,0.6236373510343907,0
85.3415798611111,0.4921301705916888,0
81.19441731770833,0.6126866496267872,0
64.56770833333333,0.6312842568751432,1
56.77240668402778,0.5628809228441264,1
77.0681423611111,0.6533873050901658,0
90.64165581597223,0.2798399369694389,1
73.54744466145833,0.6505992212446063,0
73.64078776041667,0.7124089941058103,0
83.43470594618056,0.5204999368459993,0
52.152940538194436,0.5682669927340497,1
52.578260633680564,0.5785310264331944,1
55.46728515625,0.5484164171143454,1
49.94319661458334,0.5930101404243873,1
48.95236545138889,0.6132219261753371,1
55.802029079861114,0.5587671303535983,1
52.24346245659722,0.5837874536180502,1
49.34423828125,0.6032679424441586,1
73.79657660590277,0.6554368388551125,0
86.48844401041669,0.3200213115897203,1
83.38517252604167,0.4652409044203717,0
80.91484917534723,0.6044187262762473,0
84.46820746527777,0.4781178547001828,0
78.1828342013889,0.6702481969549691,0
51.03610568576389,0.579243041950161,1
53.73822699652778,0.5877323227955225,1
51.86759440104166,0.5921552080233262,1
52.84429253472222,0.5763762970172861,1
79.76220703125,0.6270412466648492,0
87.08943684895831,0.3375695814757967,0
53.91145833333334,0.5827717033614568,1
72.51180013020833,0.667795669851358,0
59.419921875,0.5041823537966867,1
45.74826388888889,0.6252578413351925,0
79.2026095920139,0.6203951710979955,0
60.50284830729166,0.5419946454900952,1
75.828857421875,0.7174448442487866,0
53.44091796875,0.5563774022681542,1
82.05875651041667,0.3450945113261543,1
58.58525933159722,0.6135219135797444,1
85.1062282986111,0.5284674409026896,0
81.99175347222223,0.5588149160037832,0
51.061876085069436,0.592295423898808,1
81.64393446180556,0.5592236296657859,0
52.306640625,0.5770104633136335,1
76.234375,0.6234676063103942,0
58.28789605034722,0.5686330028485376,1
112.10451931423613,0.34702743535035996,1
85.33748372395833,0.6276857629153179,1
91.63861762152777,0.2452901510476637,0
59.89727105034722,0.593553812100628,1
58.23773871527778,0.5172597509462936,1
93.89309353298613,0.5494752953045964,1
74.457763671875,0.6117648140478024,0
78.52818467881944,0.6549987813254885,0
52.438232421875,0.5819025791925304,1
55.140245225694436,0.5651335064144665,1
61.303955078125,0.5123775181755759,1
55.71964518229166,0.5472227794272223,1
84.17051866319444,0.5207116051683557,0
80.88151041666667,0.5718965488517693,0
59.229275173611114,0.5509592141592662,0
80.60297309027777,0.5821031791248069,0
89.5907931857639,0.3390781051061615,0
78.1176486545139,0.6780647371358376,0
61.05517578125,0.4976244917051632,1
86.23451063368056,0.4670239181756781,0
75.0221896701389,0.6529051639970977,0
79.56388346354167,0.6423032544224249,0
54.15104166666666,0.5777430614066071,1
79.49628363715277,0.5966416632807127,0
53.23486328125,0.5845942127084297,1
56.91826714409722,0.614661215191042,1
62.92963324652778,0.5213670208586154,1
81.89124891493056,0.5270690546867172,0
76.03279622395833,0.6873793689866561,0
64.09375,0.5307728057947683,1
88.617431640625,0.26247135378047765,0
74.64507378472223,0.6562857032376274,0
85.00165473090277,0.448232529748292,0
82.0820041232639,0.5538960899792726,0
83.45838758680556,0.44852106298404737,0
63.98969184027778,0.5199649424250138,1
55.74883355034722,0.557133417464888,1
80.45819769965277,0.6147025816174494,0
99.37410481770831,0.5822603218783461,1
66.77387152777777,0.5294322650552606,1
56.54581705729166,0.4986918906626607,1
75.64911566840277,0.6006388892442337,0
57.395751953125,0.5301991042206607,1
72.0854220920139,0.4760130815667256,1
54.81534830729166,0.571160175609557,1
62.336290147569436,0.6088477511261674,1
51.625759548611114,0.575252819546583,1
94.93177625868056,0.2618485198646139,1
80.6753200954861,0.5599013910128511,0
85.40681966145833,0.4243273342584067,1
50.575303819444436,0.5993308458854162,1
63.027099609375,0.4935749556370376,0
84.13140190972223,0.5825060727640518,0
72.35527886284723,0.6887268685324208,0
53.535047743055564,0.5756435685530105,0
85.88099500868056,0.4991417208267657,0
52.0146484375,0.5743481313824574,1
89.67740885416669,0.3073216332260926,1
82.13164605034723,0.5388841299367894,0
79.6975368923611,0.6018380130843164,0
109.21695963541669,0.2569105690974877,1
66.89149305555556,0.6435541279429687,1
75.21771918402777,0.6439451067402651,0
86.39632161458331,0.35971986036240594,0
84.6887478298611,0.33319656645235285,1
52.84440104166666,0.5780323512306778,1
75.4841579861111,0.6711449507339752,0
56.576307508680564,0.5583632948589253,1
79.60546875,0.5860959928057702,0
68.16851128472223,0.5345005410532031,1
77.73621961805556,0.6017614693988116,0
55.44316948784722,0.5646046231028736,1
49.30685763888889,0.5987449011717312,1
68.3959689670139,0.6140623262732163,1
58.294786241319436,0.5245833817727044,0
64.30712890625,0.5167669694617005,1
91.32329644097223,0.5962399478153719,1
80.13316514756944,0.5850254908176915,0
82.54847547743056,0.542333701820711,0
57.22135416666666,0.5208585938893879,1
52.18771701388889,0.5735155050103409,1
100.77463107638887,0.3779712474137076,1
76.7163357204861,0.6683347958597103,0
65.8452419704861,0.6006404599516331,1
80.27815755208333,0.4062960531834896,0
77.96818033854167,0.6242186896092313,0
50.17317708333334,0.5763654809175756,1
52.33992513020834,0.5883550032693209,1
49.12443033854166,0.5974431665987402,1
80.05181206597223,0.52559966533678,0
73.3699001736111,0.6075858844356526,0
82.75933159722223,0.5478464091875164,0
49.758056640625,0.6050199908478779,0
50.418565538194436,0.5971238337386184,0
73.16962348090277,0.6580587925995286,0
59.851426866319436,0.526675276747799,0
58.43158637152778,0.5399458524320082,1
82.85142686631944,0.5217150534755596,0
53.512315538194436,0.5574484610861413,1
83.22081163194444,0.3666130038923857,0
53.625244140625,0.5577460488561212,1
89.3776584201389,0.3039517162769415,1
71.94346788194444,0.6277873240069666,1
59.779052734375,0.4953741232045478,1
52.53936089409722,0.5903124163613809,1
48.12749565972222,0.60920599628684,1
99.45334201388887,0.5850691505833233,1
81.80525716145833,0.5836336199129318,0
76.3639865451389,0.6396262656161791,0
53.21893988715278,0.5686161758103137,1
52.0546875,0.5866039189765163,1
78.1523166232639,0.6204623490908702,0
74.33455403645833,0.7259952391827674,0
50.968044704861114,0.598595443463402,0
81.19672309027777,0.6096581023701878,0
56.23505316840278,0.5718075186264738,1
80.5808376736111,0.6252376304811449,0
52.373426649305564,0.5852170951692764,0
111.43899197048613,0.5322189502334284,1
83.58772786458333,0.4584422219195231,0
83.91585286458333,0.5259411867080208,0
65.079345703125,0.5196105334072203,1
54.75138346354166,0.5749597102451464,1
49.289794921875,0.6043031567779523,1
65.66441514756944,0.6453920691328869,1
103.187255859375,0.3863335940475371,1
83.42762586805556,0.5512036903341282,0
103.56491427951387,0.4128902630708955,1
75.5492892795139,0.6630874821806529,0
54.612575954861114,0.5474116402672706,1
57.70754665798611,0.5200163507327479,1
51.80422634548611,0.5659094922235604,1
57.40804036458334,0.565400271053616,1
74.33070203993056,0.6275629724766084,0
77.2275119357639,0.6613463470947012,0
74.29961480034723,0.6619895406773182,0
88.3720974392361,0.2866191538781348,0
47.123426649305564,0.6139036976745893,1
74.1052517361111,0.7177538580733084,0
81.50469292534723,0.6092923906114919,0
91.35793728298613,0.2815451910642029,1
86.51079644097223,0.4470666805380959,0
48.850341796875,0.6118107372787974,1
78.44664171006944,0.6519070219243452,0
56.58002387152778,0.5590409448154008,1
75.46614583333333,0.6776666824235534,0
50.080213758680564,0.6024883696064826,1
50.01676432291666,0.6041389047855972,1
73.5800509982639,0.4545634515996294,1
92.88311089409723,0.2402757038568675,0
95.70933702256944,0.607693757844264,1
48.97512478298611,0.6096934231058471,1
78.14911566840277,0.6495482129854502,0
61.502305772569436,0.6159484516464133,1
76.750732421875,0.6051686241307462,0
62.23776584201389,0.5089963184911049,1
50.831922743055564,0.5874311712593736,1
47.61420355902778,0.6096145998990989,0
79.7321506076389,0.6089725229392572,0
86.36097547743056,0.4271780128992861,0
50.31559244791666,0.6028000247863532,1
80.30305989583333,0.5913608222964248,0
81.1894802517361,0.5635866268904112,0
80.87236870659723,0.5903977309327724,0
83.86737738715277,0.5004496003466675,0
86.91807725694444,0.4264946378125665,0
91.94205729166669,0.2619745107075001,0
50.38715277777778,0.5918554480923249,1
76.7947048611111,0.6913571776799529,0
81.24175347222223,0.6146712945203003,0
82.15068901909723,0.5607599838775801,0
76.40814887152777,0.6167690724266092,0
92.83553059895831,0.22325288018901515,1
84.6449924045139,0.3505950748621352,1
75.39013671875,0.7190933892113821,0
76.70836046006944,0.6558863531264388,0
72.21394856770833,0.665634083145995,0
56.47371419270834,0.5495170890663084,1
77.23768446180556,0.6534325597934059,0
87.5298122829861,0.3211262823673393,0
75.89729817708333,0.7145986196793657,0
51.56271701388889,0.5824170389433927,1
77.63750542534723,0.6630177741955817,0
78.02872721354167,0.6149575888208065,0
52.063829210069436,0.573169678499459,0
48.03363715277778,0.5983405564033129,1
71.04389105902777,0.6836536820445692,0
79.37432183159723,0.6424964147858767,0
90.77468532986113,0.27348738595559924,1
57.01236979166666,0.5343321463878471,1
92.98209635416669,0.25920855764405704,0
76.90540907118056,0.6969477865284671,0
88.6886935763889,0.3770755723635635,0
52.324815538194436,0.5772374104734573,1
52.050889756944436,0.5967843912677818,1
75.75599500868056,0.6924304805099191,0
87.8410373263889,0.3960686318567196,0
93.315185546875,0.2327065466846087,0
89.34282769097223,0.3118718159965876,0
55.34931098090278,0.5581840492200876,1
49.275146484375,0.6026860794583453,0
50.97197808159722,0.594974466316922,1
93.45255533854169,0.21370516999934655,0
77.93058268229167,0.611764669087316,0
52.83770073784722,0.567459383569674,1
80.5592990451389,0.5587211699583426,0
63.03662109375,0.543027500551137,1
64.878173828125,0.4975549590917822,1
85.28531901041667,0.30035537165265525,1
79.03889973958333,0.6095696693384538,0
73.2724338107639,0.6734145829712488,0
82.47696940104167,0.33012197083959505,0
57.054443359375,0.5441240584247129,1
101.34016927083331,0.5531116865349869,1
49.528211805555564,0.5960642707243947,1
76.56114366319444,0.6161340225043647,0
72.66297743055556,0.6943540526165706,0
83.43684895833333,0.5179438673466379,0
53.32880316840278,0.5542182625200385,1
63.45846896701389,0.4816706760371911,1
58.77558051215278,0.5338133710591937,1
53.83053927951389,0.5648944541770261,1
75.24549696180556,0.7041193188296749,0
80.92146809895833,0.5858043224617651,0
86.87901475694444,0.3943386988687692,0
73.5055881076389,0.6836213126725431,0
89.27533637152777,0.2894473632074192,0
76.92979600694444,0.6053725021667035,0
51.98076714409722,0.582798189069427,1
50.99799262152778,0.591911723148058,1
81.14306640625,0.5752235792312079,0
82.22623697916667,0.5694260443329513,0
74.97029622395833,0.7007354454803647,0
55.67526584201389,0.5533080170667328,1
57.124403211805564,0.5605847126027242,1
55.584852430555564,0.5785735837545966,1
73.72816297743056,0.6539416288167819,0
89.66132269965277,0.27966339514758715,0
79.50846354166667,0.5922384919991429,0
50.92803276909722,0.5784771066339811,1
76.33599175347223,0.6846536523424923,0
52.672119140625,0.5876937198158161,1
53.768310546875,0.5589028983903996,1
58.80620659722222,0.5314236548757032,1
55.86273871527778,0.5880721299825764,1
74.7714572482639,0.6527558779526919,0
54.080186631944436,0.5680798206663802,1
58.088731553819436,0.5304958679875093,1
52.47637261284722,0.5991390929194008,1
53.959852430555564,0.5595232973976328,1
91.59071180555556,0.5250010367830216,1
58.12076822916666,0.5699509791734696,1
79.53059895833333,0.6169349845104677,0
83.81024848090277,0.5017251481456771,0
72.10750325520833,0.6704232946806341,0
96.74525282118056,0.2153706314204077,0
52.500379774305564,0.5706312790960522,1
75.63555230034723,0.6505614025844452,0
80.63335503472223,0.4175348412862788,1
83.57733832465277,0.3545375157046005,0
76.71183268229167,0.6874435468561942,0
78.17854817708333,0.6521221527422066,0
53.54218207465278,0.5649706981773941,1
104.42051866319444,0.4450297004350878,1
47.767686631944436,0.6059512218865871,0
74.71614583333333,0.6344138512143012,0
75.26567925347223,0.6962119344692298,0
59.50189887152778,0.5309573007441215,0
59.77783203125,0.5362211014635067,1
58.933946397569436,0.6188851620619255,1
81.11043294270833,0.5912274871736266,0
85.4136013454861,0.3755891545651145,0
79.9325900607639,0.5961830999294258,0
82.38951280381944,0.5386721842982803,0
47.87909613715278,0.60023221836036,1
98.342529296875,0.23393342819975854,0
78.8769259982639,0.6305154650749799,0
75.02582465277777,0.6965470909388787,0
53.06377495659722,0.5589968833277328,1
79.56670464409723,0.6226362769151543,0
81.11165364583333,0.6140081151570326,0
69.56868489583333,0.5949974544365509,1
61.181504991319436,0.5293824217827653,1
51.92483181423611,0.5699642238710177,1
80.51524522569444,0.6004775460561548,0
63.19061957465278,0.5879861080318275,1
49.881591796875,0.5967480693391817,1
80.42274305555556,0.5847578417159742,0
58.35004340277778,0.5543516075189936,1
86.13850911458331,0.3139466115171332,0
59.11102973090278,0.5461382941727269,0
55.43549262152778,0.5396034497102709,1
78.29405381944444,0.6007187300915532,0
51.990125868055564,0.5669094942859163,1
49.313720703125,0.5893550954109275,1
87.30604383680556,0.5151895550016281,1
58.40646701388889,0.5746160650306716,1
93.32750108506944,0.4979997427438896,1
80.361572265625,0.5635139075102421,0
55.768907335069436,0.5647589347348707,1
58.02297634548611,0.5228594576091911,1
59.198377821180564,0.6083147970588749,1
55.211208767361114,0.5638303731749079,1
50.80156792534722,0.5815245301727864,1
78.23402235243056,0.5967510993654469,0
73.20393880208333,0.6596697129145039,0
51.450954861111114,0.6274700306992385,1
52.326063368055564,0.5892964878299551,1
53.43839518229166,0.5580266338491819,1
53.118543836805564,0.5564252170161487,0
58.32025824652778,0.5576130163890788,1
54.57101779513889,0.5849750214646803,1
74.51570638020833,0.6606094091230468,0
55.983045789930564,0.5751270594504473,1
78.81651475694444,0.6195491916461315,0
91.66593424479169,0.5635525240659214,1
82.79402669270833,0.5876523233832923,1
80.449951171875,0.4579031129603304,0
89.12836371527777,0.3654485833337587,0
91.32416449652777,0.2692775483471667,0
78.78008355034723,0.6377215217292762,0
70.5920681423611,0.4964457619572665,1
100.41254340277777,0.5607265496772204,1
75.87727864583333,0.3636944777032747,0
74.62098524305556,0.6173062713326103,0
84.24308268229167,0.4810798342002874,0
100.02620442708331,0.5570428848249357,1
77.13216145833333,0.7198835704160833,0
57.13205295138889,0.5631757069486925,1
80.0659450954861,0.5914484982486954,0
71.3398166232639,0.681980140901796,0
56.37188042534722,0.5058636544789261,0
83.4435763888889,0.4925798635314808,0
77.72010633680556,0.6168441590630941,0
80.77625868055556,0.6069776066831583,0
51.766737196180564,0.5856450132857588,1
76.78217230902777,0.6312928642510699,0
60.70526801215278,0.5395365098067858,0
60.777696397569436,0.5773769783655831,1
78.79212782118056,0.639523871866678,0
97.05216471354169,0.5509867941426082,1
50.75925021701389,0.5792043365642195,1
80.37030707465277,0.6241271689723511,0
51.871717664930564,0.5862783209632445,1
82.0969509548611,0.5320507176564953,0
80.87635633680556,0.5736364763982055,0
54.03908962673611,0.5728185377926348,1
49.71042209201389,0.6007979244992552,0
82.05482313368056,0.552017634035586,0
75.50835503472223,0.6242807050324459,0
74.22159830729167,0.6559740666728342,0
49.90285915798611,0.5945245779720327,1
79.92591688368056,0.6075092221465245,0
57.929443359375,0.5492563288808743,0
83.25374348958333,0.4714785103203975,0
64.7392578125,0.5138692495630771,1
85.21720377604167,0.5246212504318913,0
55.60492621527778,0.5530629754213595,1
75.98328993055556,0.6213900114219874,0
75.63837348090277,0.6508630143605068,0
60.35530598958334,0.5294266678900215,1
86.4614529079861,0.3109129943658225,1
56.41815863715278,0.5427464052515799,1
80.683349609375,0.5708984679169483,0
89.16273328993056,0.3575876785434483,0
77.03046332465277,0.6867478055704075,0
52.80194769965278,0.5952384614905061,1
81.8401150173611,0.5861825147057552,0
50.35918511284722,0.6087744818021655,0
78.48502604166667,0.3780222237608553,0
73.67578125,0.6747815317602903,0
53.75786675347222,0.576315782616572,1
58.483778211805564,0.5889865793127258,1
56.478759765625,0.5194872508312866,1
80.01850043402777,0.4929863318486961,0
59.702501085069436,0.5548205432475863,1
59.40787760416666,0.5912666467107307,1
81.18486870659723,0.5827022220008629,0
76.84955512152777,0.5997425674836352,1
51.05645073784722,0.6045320812561601,1
81.81559244791667,0.5523449562375002,0
74.9341091579861,0.7174680964601216,0
76.8083767361111,0.7060951131104193,0
76.32828776041667,0.6638481380169781,0
88.15912543402777,0.31654589367429425,1
102.82020399305556,0.4942247940224192,1
59.809353298611114,0.5057478340825153,1
83.8825412326389,0.5388502996968154,0
106.52324761284723,0.5359906854241058,1
49.80802408854166,0.5982623709225517,1
83.84236653645833,0.5854626496200717,1
74.74962022569444,0.6545955075439008,0
56.910780164930564,0.5706688727186855,1
58.775254991319436,0.5212173954971276,1
55.33626302083334,0.5964931290255977,1
79.8803439670139,0.6313319157119579,0
78.07172309027777,0.5850416998571712,0
79.14751519097223,0.5701710391550426,0
71.89434136284723,0.7579302345135654,0
48.54351128472222,0.6068631843347659,1
75.04698350694444,0.6939331833870871,0
82.6462673611111,0.5780415997224331,0
79.08707682291667,0.5885812417601063,1
52.16455078125,0.5878720068466653,1
81.33916558159723,0.5921467178016876,0
51.44124348958334,0.5928581526020528,1
77.86558702256944,0.6972218252977784,0
56.88617621527778,0.5549350373762792,1
54.125596788194436,0.5718989780937844,0
111.62744140625,0.5039952798836532,1
84.94783528645833,0.44807040976533696,0
57.195448133680564,0.5618410426761906,1
86.35270182291669,0.4616910843126936,0
50.72965494791666,0.5942052732897707,1
53.38777669270834,0.5841656110496869,0
79.86748589409723,0.586261569726486,0
82.0010036892361,0.6253470092218598,0
73.51806640625,0.6531456576432105,0
53.19864908854166,0.5754721681535437,1
72.50919596354167,0.7550308174084801,0
88.6377224392361,0.33057144069353056,0
59.75046115451389,0.5417915725667712,1
53.038953993055564,0.5986551331393952,1
72.96815321180556,0.6585921130710071,0
79.17754448784723,0.4975188999379413,0
80.08135308159723,0.6192561566166866,0
88.78257921006944,0.30765779845243496,1
72.13178168402777,0.6049324354338859,1
52.613905164930564,0.5824266804714713,1
84.733154296875,0.5147369072485702,0
48.561143663194436,0.6090888379373747,1
60.675537109375,0.6142894705322166,1
79.586181640625,0.3985978177535187,0
50.45746527777778,0.6200529793037152,0
79.0681423611111,0.6630762159688461,0
49.234998914930564,0.6010197850367546,1
51.22262912326389,0.5925705239947665,1
55.61431206597222,0.5607133835219354,0
87.04481336805556,0.303116830652564,0
84.50054253472223,0.6210170528316797,1
52.20597330729166,0.5892993182264418,1
75.9745822482639,0.5755308327544303,0
110.70781792534723,0.4517267971963363,1
52.55856662326389,0.5876558092837197,1
81.31011284722223,0.5744854853649914,0
97.45667860243056,0.43016656853150576,1
57.80900065104166,0.565108860599672,1
91.50349934895831,0.44231414335278135,1
59.78908962673611,0.531328905390938,1
58.202745225694436,0.5628176397204594,1
65.5928005642361,0.5836386394097329,1
58.74747721354166,0.6017468324454742,1
55.63189019097222,0.5589701382804573,1
50.79253472222222,0.5970735955877681,1
67.76795789930556,0.5669441486284302,1
73.629638671875,0.6571682649820997,1
55.58981662326389,0.5703361882111634,1
90.27444118923613,0.336033130771671,0
83.42176649305556,0.4676633528672258,0
78.91075303819444,0.6517697736890338,0
101.93565538194444,0.5532526539280469,1
93.39431423611113,0.5314658691309826,1
79.63560655381944,0.5883918836877468,0
78.97157118055556,0.6310398885631686,0
72.76679144965277,0.6754437043695882,0
55.680772569444436,0.5717001536945076,0
53.83148871527778,0.5502694422981939,1
86.55048285590277,0.5327331879765781,0
72.40654839409723,0.7392453215734875,0
81.19306098090277,0.5629246557917553,0
77.54337565104167,0.6007285396652994,0
53.224500868055564,0.5781277242073578,1
78.01348198784723,0.6577540853667613,0
60.24579535590278,0.5847872219320329,1
76.37339952256944,0.6443157917563834,0
80.2973904079861,0.6283520348817023,0
49.37103949652778,0.6006197693207093,1
88.25819227430556,0.42523108809450894,0
77.9826388888889,0.6626387756543084,0
49.78727213541666,0.5940767631805968,1
58.063720703125,0.5061381799294296,1
78.41167534722223,0.6196822551629718,0
73.47710503472223,0.7214656872115822,0
80.8122829861111,0.3721155944303474,0
63.187147352430564,0.5257932934164369,1
75.9001193576389,0.6187454469309035,0
91.58048502604169,0.3350411674468854,1
58.957899305555564,0.5272467671946104,1
71.38232421875,0.4653990181289461,1
49.44612630208334,0.6012553277127024,1
53.041286892361114,0.5830981062725304,1
83.56778971354167,0.5105623131598497,0
81.3554416232639,0.3807260201105632,1
52.40334743923611,0.5944213035678193,1
82.2519802517361,0.5385492750241502,0
53.056884765625,0.5675260949733751,0
95.4736328125,0.255478336695036,1
86.93956163194444,0.3193675330942608,1
54.27153862847222,0.5877057986295134,1
56.34513346354166,0.5077874583445317,1
65.74663628472223,0.5298548324545016,1
73.99552408854167,0.7374263025214655,0
54.943495008680564,0.5549546930264861,1
81.7389865451389,0.5632284340627319,0
49.42230902777778,0.5958374720505897,1
80.45068359375,0.6248536104421821,0
66.75965711805556,0.4913576107763503,1
71.24324544270833,0.5994701344898876,1
51.98111979166666,0.5846294241129478,1
49.62174479166666,0.5878739558178999,1
48.76657443576389,0.6033425041481196,1
74.42201063368056,0.7331589706598125,0
52.25919596354166,0.5845258309777209,1
79.3674045138889,0.5783104422305336,0
77.6105685763889,0.675327755045354,0
75.04942491319444,0.5464856075505313,1
100.34746636284723,0.5740571131343856,1
49.89192708333334,0.5963865426404943,1
81.52140299479167,0.5711281020538183,0
82.21519639756944,0.5498262136685924,0
82.71175130208333,0.5205250129926156,0
102.45513237847223,0.41116536291235134,1
84.8271755642361,0.451070491169981,0
52.62090386284722,0.5749745533354479,1
59.73876953125,0.4892931136710898,1
52.62958441840278,0.5804513097689,1
55.08346896701389,0.5747143018852668,1
64.87841796875,0.5404768233949631,0
74.7073025173611,0.6466275866501493,0
83.39103190104167,0.49267042324348204,0
78.6852756076389,0.6609347343569473,0
63.681396484375,0.6566470415489396,1
56.18505859375,0.5641522902866684,1
73.74989149305556,0.6441540210834522,0
50.70559353298611,0.6079425726098822,0
78.81160481770833,0.4759003950249338,0
84.5193142361111,0.4580803698275029,0
85.17325846354167,0.4162343227821246,1
80.78483072916667,0.6038166696292958,0
78.70076497395833,0.6440448851184172,0
77.74134657118056,0.5385564610579425,1
53.61726888020834,0.5541433396134251,1
76.74424913194444,0.7055929307953402,0
72.77794053819444,0.7456680727906763,0
81.99443901909723,0.582452055326656,0
57.10367838541666,0.5619349103101501,1
75.89567057291667,0.6334307127147378,0
77.4526095920139,0.5855266529500539,0
65.86572265625,0.5736614116431008,1
79.41788736979167,0.6589101457523637,0
75.49517144097223,0.6530953308909134,0
80.26356336805556,0.6060393959035991,0
85.05360243055556,0.44498286687886657,0
80.10725911458333,0.58609726904771,0
75.63126627604167,0.6941445989387509,0
74.07655164930556,0.7112633273783502,0
74.49750434027777,0.4543108971970124,1
73.798583984375,0.7244918171053982,0
78.6335177951389,0.6685798106928791,0
76.5890842013889,0.6609610856699677,0
87.16148546006944,0.5965124243248872,1
67.2817111545139,0.5194182294515585,0
75.17594401041667,0.6869851907368766,0
77.35951063368056,0.5846145812341147,0
74.19783528645833,0.6639411881536469,0
52.898546006944436,0.5820929642579243,1
77.30362955729167,0.6517951652455576,0
51.93996853298611,0.5820430425028404,1
57.93033854166666,0.5339756820515359,1
53.80170355902778,0.5693575448178717,1
55.03374565972222,0.5479614421439779,1
53.36699761284722,0.5707924780744231,1
77.0534939236111,0.6613303807540823,0
51.77593315972222,0.5944667953609769,1
70.6787380642361,0.5265900458203361,1
76.97699652777777,0.6087406254455849,0
55.41913519965278,0.5683871142651341,1
54.65291341145834,0.5672843737997688,1
55.437635633680564,0.5860007850168223,1
102.469970703125,0.5590401812070853,1
77.44517686631944,0.6770073426289022,0
80.33574761284723,0.6152075163976212,0
79.21769205729167,0.6378417493796628,0
53.26177300347222,0.5728244046709742,1
52.50827365451389,0.576282041534956,1
55.145155164930564,0.5758519972826652,0
83.25043402777777,0.5483337879522112,0
57.252197265625,0.5234833046955335,1
50.224880642361114,0.598951280700496,1
52.391710069444436,0.5904986162208412,1
51.96272786458334,0.5851704840044615,1
61.04730902777778,0.6320130790135359,1
57.489881727430564,0.5754115197450149,1
82.40711805555556,0.533879823207064,0
83.61800130208333,0.4704027723184622,0
75.814453125,0.6692177633276029,0
91.08355034722223,0.28358410543026313,1
85.93145073784723,0.32286490694575165,1
92.96533203125,0.6051735697950692,1
57.40313042534722,0.5699904629431677,1
50.324490017361114,0.5994834835278339,1
77.50206163194444,0.6236447910953627,0
92.03472222222223,0.2922380448132993,1
53.842149522569436,0.5561722693854568,0
52.54695638020834,0.5819783404951804,1
80.14244249131944,0.3456189236057997,0
56.25387912326389,0.6095146818641489,1
85.00547960069444,0.5918906326834641,1
75.3344455295139,0.7089641461436702,0
50.62212456597222,0.5944431792014282,1
76.390380859375,0.6917105857429475,0
65.32210286458333,0.5148598936324976,1
80.84480794270833,0.4711130849585628,0
57.402452256944436,0.5533771264137058,1
60.557481553819436,0.5331482520234567,0
49.31757269965278,0.6025831697532334,1
79.5478786892361,0.5808233513649589,0
51.183213975694436,0.6233840294612203,1
67.82313368055556,0.5229593342926798,1
60.60788302951389,0.4850807993470088,1
79.90288628472223,0.4323263610908061,0
77.85601128472223,0.5853998970740975,0
81.14908854166667,0.5637567900087105,0
62.508083767361114,0.4965222170630323,0
48.55205620659722,0.6022951664958679,1
111.78746202256944,0.4302685744867711,1
79.03672960069444,0.6153369086184891,0
55.96826171875,0.5690083496359888,1
55.111192491319436,0.5603107529052753,1
54.382215711805564,0.5873554662062737,1
53.175401475694436,0.5846985271380015,1
78.1035427517361,0.6187120964153019,0
64.90055338541667,0.5411743405139946,1
78.17789713541667,0.5805162515444376,0
77.68817816840277,0.584016829618975,0
70.41943359375,0.5237422492784495,1
75.44053819444444,0.7292084218607187,0
72.126953125,0.6929852580697469,0
80.05268012152777,0.3961374019615746,0
80.1447482638889,0.5980225642138655,0
81.7685818142361,0.3835903976512392,0
50.590603298611114,0.6008227362440468,1
75.21698676215277,0.6472572974692166,0
51.756103515625,0.5840621446548551,1
80.2358669704861,0.6279686208309061,0
106.57088216145831,0.5875371223171686,1
103.16604275173613,0.38490722689175466,1
80.1460232204861,0.5354255073333604,0
55.41913519965278,0.5477225031539933,1
52.84133572048611,0.5814624617175626,1
75.09144422743056,0.7002776453551939,0
87.8657497829861,0.3051688274354016,0
90.15714518229169,0.32047633237796386,0
80.45098198784723,0.6026478782422916,0
85.55479600694444,0.4276030609450318,0
74.15616861979167,0.6471541188829755,0
47.94878472222222,0.6146441075343152,0
51.129991319444436,0.6063418709099715,1
83.0388454861111,0.4512332589252065,0
109.70377604166669,0.4803900782706791,1
58.403672960069436,0.5294153227059839,1
83.35237630208333,0.35086298412481604,1
50.01272243923611,0.5959369783958601,1
76.0353732638889,0.7196291282728452,0
85.72908528645833,0.3450080017623384,0
51.641248914930564,0.5960682422477576,0
82.21904839409723,0.5748131152155386,0
102.30221896701387,0.5833110423109389,1
58.22162543402778,0.5247125210596976,1
67.37662760416667,0.5763353146517824,1
47.53656684027778,0.6069717155278177,1
78.4721950954861,0.6720751911855984,0
76.10872395833333,0.6748053725862048,0
63.17803276909722,0.5227841913300417,1
76.41829427083333,0.6357383013670893,0
49.78388129340278,0.5972643274831432,1
72.93055555555556,0.7171204459882421,0
80.95955403645833,0.6058135970354703,0
72.09261067708333,0.4997239857993826,0
55.20429144965278,0.5536050101507449,1
84.58905707465277,0.5180936454616406,0
49.020290798611114,0.6022836788996618,1
79.66034613715277,0.607521608481117,0
80.08338758680556,0.5997115855339881,0
62.635986328125,0.5823529390127293,1
90.93701171875,0.482531778981155,1
76.8581271701389,0.5425405739952545,1
87.18736436631944,0.6285840110827792,1
53.815294053819436,0.5826706593940854,1
73.64200846354167,0.7258062152414771,0
64.48616536458333,0.5207025658503253,1
55.13590494791666,0.5493145558035628,1
57.523708767361114,0.5417109745252419,1
83.62958441840277,0.4422952680147327,1
86.64046223958331,0.4260930969133861,0
75.19642469618056,0.6476275809568822,0
83.70711263020833,0.523003251047373,0
77.2671169704861,0.6890751067159979,0
55.814588758680564,0.5586521163659001,1
78.6110568576389,0.6542672258466405,0
79.5341525607639,0.6154151019365326,0
79.0680881076389,0.5823446878745959,0
78.59971788194444,0.6055328798156757,0
51.50729709201389,0.5976261785084336,1
76.37972005208333,0.6639344740593829,0
55.55343967013889,0.5447337900202064,1
56.19854058159722,0.5623740760665329,1
52.394314236111114,0.5799556676610756,1
81.39569769965277,0.5460351539992904,0
56.18939887152778,0.5683749142800626,1
78.76820203993056,0.4484503410154893,1
83.244873046875,0.5082303809572065,0
81.43587239583333,0.5576988490314863,0
77.0317111545139,0.38713896111465496,0
79.600830078125,0.3410659920897679,0
50.822157118055564,0.5916529572591009,1
76.90375434027777,0.6889126027016044,0
83.97908528645833,0.536740041294708,0
51.96828884548611,0.5822964961709391,1
75.06187608506944,0.6054048862712753,0
51.499755859375,0.6060526616088417,1
76.64488389756944,0.7121961195264148,0
73.50794813368056,0.6543249468792132,0
85.65861002604167,0.5871130734205307,1
82.69759114583333,0.5412030244883668,0
46.94099934895834,0.6370673474638322,1
48.60175238715278,0.606494263371661,1
77.7655978732639,0.5868481065922714,0
73.18937174479167,0.6767920689129474,0
113.08189561631944,0.3866166367996151,1
54.958116319444436,0.5617922087866482,1
77.26014539930556,0.5143669801430928,0
83.77623155381944,0.5078885380918751,0
82.99321831597223,0.4974957750147124,0
82.1093478732639,0.4483902222012268,0
84.73524305555556,0.4104094727106016,1
60.262315538194436,0.6363336045520449,1
90.50442165798613,0.2765088876877428,1
73.05235460069444,0.7610379058585177,0
86.40226236979169,0.4108250696206243,0
82.8882107204861,0.5401248371914225,0
78.66620551215277,0.6155560489427384,0
83.22300889756944,0.519904534243771,0
72.77568901909723,0.6627458814094268,0
87.72905815972223,0.5017667038352207,0
103.97317165798613,0.5986314275487521,1
85.883056640625,0.3873972243656276,0
92.33770073784723,0.2376954091486772,0
89.66498480902777,0.2810284412395813,0
78.9416775173611,0.6272039653090662,0
75.878662109375,0.6457572339663679,0
85.27997504340277,0.3526081450723529,0
77.2853732638889,0.6427468749672793,0
83.6838107638889,0.3307778214015715,0
72.4692654079861,0.7450930534806529,0
78.6125759548611,0.6290990353495138,0
69.25374348958333,0.5269974820284312,1
48.834364149305564,0.6087747984446401,1
49.936659071180564,0.6099971229466398,1
75.11702473958333,0.7192641212110072,0
59.233181423611114,0.6389503195318549,1
72.36870659722223,0.7564242671528224,0
73.97672526041667,0.6563002048866656,0
50.80864800347222,0.5842411326658634,1
48.93332248263889,0.5999334966360637,1
81.67759874131944,0.5930604426355349,0
63.994032118055564,0.540821563197879,1
54.857801649305564,0.5842250858127547,1
50.41240776909722,0.5999952236468412,1
81.2914767795139,0.4642878569538259,0
76.54014756944444,0.6029725774155787,0
57.87939453125,0.6034268605119544,1
58.53778754340278,0.5902165472742678,1
53.681749131944436,0.5603387510047586,1
112.10712348090277,0.21365496219095267,1
78.64607747395833,0.5890828276315544,0
54.06659613715278,0.5509832198453647,1
58.353298611111114,0.5279205686556163,1
48.712754991319436,0.6105873329306821,1
49.237440321180564,0.5973144929230345,0
91.09418402777777,0.2524364794083101,0
75.24254014756944,0.7031355448565111,0
81.6511501736111,0.5479671763335205,0
78.29180230034723,0.6460169796950771,0
53.14290364583334,0.564296793797831,1
82.62315538194444,0.5002066440798054,0
69.30626085069444,0.5185590744696379,1
49.149658203125,0.6024603942813808,1
72.34228515625,0.6969309858193072,0
51.97455512152778,0.5822578043552357,1
71.9194064670139,0.6789511682731801,0
92.461669921875,0.25685066471216644,0
80.50358072916667,0.6502190000292419,0
61.2216796875,0.5396588269579256,0
72.2355685763889,0.6099448050692541,0
76.62486436631944,0.5397361945812831,1
48.55607096354166,0.5947166716388335,1
90.34250217013887,0.318437780722982,0
108.66248914930556,0.37349742290118204,1
80.322509765625,0.5871530563037773,0
50.23225911458334,0.5953193253310503,1
50.886827256944436,0.5948706294365252,1
91.16848415798613,0.2765334375121113,1
52.070068359375,0.5810422603232719,1
88.5188259548611,0.3857784232362082,0
56.28325737847222,0.5569486361886937,1
57.20279947916666,0.507503268031835,1
82.7741970486111,0.3444205104611965,0
71.22157118055556,0.6652471433157069,0
79.72528754340277,0.6095096991184269,0
82.6696506076389,0.5384706973185095,0
74.2050509982639,0.3930602225934711,0
66.22349717881944,0.6035676626065837,1
101.71131727430556,0.3775411081778866,1
63.034288194444436,0.5908755944661193,1
77.10308159722223,0.6501166804168569,0
82.76578776041667,0.5276830693016233,0
73.6576877170139,0.6777147327613744,0
79.02159288194444,0.5837489644511434,0
80.6637912326389,0.596659336287159,0
55.71552191840278,0.6161401844781641,1
48.76934136284722,0.6087439751292076,1
64.1628146701389,0.523263508563583,1
64.90804036458333,0.5826589296015994,1
81.2946506076389,0.5482676590815603,0
77.91251627604167,0.6372651814483054,0
74.49598524305556,0.6611520062150168,0
81.7729763454861,0.5287395917704238,0
92.73326280381944,0.2817662046466253,0
83.79443359375,0.3918795492365854,0
77.20694986979167,0.6813554015547647,0
75.13175455729167,0.7025680115708579,0
72.3644748263889,0.6825642394144816,0
48.114529079861114,0.6013360099792734,1
79.4740939670139,0.6470828043240291,0
63.97482638888889,0.5172706508842656,1
86.16767035590277,0.4987278179037602,0
55.65597873263889,0.5599782150456707,1
79.27118598090277,0.6133298276506514,0
52.62679036458334,0.5728395835121258,1
74.93296983506944,0.6093408450050284,0
86.0266384548611,0.4209849736554212,0
81.78011067708333,0.5553178889349986,0
57.075086805555564,0.5377010148213183,1
79.25748697916667,0.566182339181208,0
48.6181640625,0.6050295106334769,1
52.89898003472222,0.5824076035664965,1
76.7863498263889,0.3799148919038247,0
78.46354166666667,0.603163178522443,0
49.43828667534722,0.5972933083226672,1
79.38538953993056,0.6337593012975891,0
57.43896484375,0.5358689775094129,0
52.47637261284722,0.5991390929194008,1
58.0849609375,0.5330350927881559,1
82.8852810329861,0.5903019614574788,0
76.66015625,0.7097474608512199,0
74.55183919270833,0.6714318040783073,0
81.89412434895833,0.5745268360286628,0
52.49077690972222,0.5804151082131198,1
53.29855685763889,0.5508981182280424,1
59.105333116319436,0.571718930818934,1
81.62548828125,0.5615011766682737,0
61.667588975694436,0.5181304454440842,0
82.80512152777777,0.5740461965871166,0
80.08515082465277,0.6628228635631386,0
94.983154296875,0.2282570731255369,1
76.41289605034723,0.6686782455646639,0
56.601806640625,0.5609329304219355,1
100.41015625,0.3728889580593655,1
92.784423828125,0.2663561598097444,1
83.1318359375,0.4917811114430314,0
47.54280598958334,0.6063640459849062,1
47.14892578125,0.6185988722659889,1
80.91178385416667,0.5794346914388807,0
55.25048828125,0.5525647401120439,1
51.8828125,0.5827658748391383,0
80.61933051215277,0.6132863274668783,0
79.26738823784723,0.6348948192594033,0
76.1081814236111,0.6352008712678352,0
83.32172309027777,0.5512333889997899,0
56.33441840277778,0.5698901262655353,1
103.73594835069444,0.5454131461304575,1
46.310791015625,0.6201610597860364,0
59.92928059895834,0.5200143544015752,1
55.91229926215278,0.5668696335400306,0
75.95030381944444,0.6902546174558969,0
53.419704861111114,0.5723726972416446,1
78.07354058159723,0.6097852398833697,0
80.6865234375,0.5381654667234406,0
48.329454210069436,0.599362372145254,1
73.559326171875,0.5306537580257382,0
53.85419379340278,0.574404082795966,1
82.11786566840277,0.5381805587298746,0
83.24254014756944,0.5440043764954228,0
49.69485134548611,0.6011383977471159,1
88.91474066840277,0.2987583759047674,1
106.99028862847223,0.5330531212009796,1
50.682508680555564,0.6039051734769978,0
66.89469401041667,0.5384119311451839,1
72.7290310329861,0.7500317756975968,0
65.62003580729167,0.4768609615211307,1
77.59589301215277,0.6847745188718415,0
55.488037109375,0.549835151812261,1
83.95258246527777,0.388548474198459,0
80.49007161458333,0.6148985910528837,0
59.20263671875,0.5763802982245065,1
63.04511176215278,0.5226592249926606,1
80.25990125868056,0.5856745609827017,0
57.30560980902778,0.5404153985238046,1
64.2336154513889,0.5224152813420424,1
76.5016818576389,0.6700575461880044,0
49.32953559027778,0.6054771379679079,1
80.6325954861111,0.5891317158635797,0
75.09383138020833,0.641835957144013,0
49.850965711805564,0.5972756870590208,1
53.41604275173611,0.5848518983220296,1
48.82326931423611,0.6100540268127215,1
50.089246961805564,0.594222996011295,1
56.04361979166666,0.5567435845953921,1
61.03946940104166,0.4836138942871922,1
54.38918728298611,0.5817667384511918,1
75.31768120659723,0.6590421075502293,0
58.26095920138889,0.5638001705629477,1
79.07142469618056,0.5949279029415437,0
65.915283203125,0.4982195924899264,1
59.79451497395834,0.5045361323967237,1
57.23196072048611,0.5400071919871804,1
73.770263671875,0.6668718759087457,0
81.2197265625,0.5535526358227716,0
82.834228515625,0.3748491247951536,1
89.7292751736111,0.5017182913626459,1
51.67822265625,0.6061221113306758,1
75.4446072048611,0.6886517980878843,0
78.08363172743056,0.5361897102059141,1
104.300537109375,0.367170426362566,1
81.3984103732639,0.5833728180687927,0
71.6924099392361,0.5626528102159403,1
58.496473524305564,0.5472720419878278,1
53.40323893229166,0.5502950035324987,1
73.513916015625,0.6464154449717217,0
87.62415907118056,0.29949674177161484,1
75.7417263454861,0.7114312864219354,0
53.95426432291666,0.5688173035242914,1
77.99658203125,0.6800161683660692,0
50.80167643229166,0.5973751095330212,1
54.015896267361114,0.5835816415604766,1
78.2731662326389,0.5103256493442303,0
75.34977213541667,0.5210591814031706,1
49.97843424479166,0.6007042125144033,1
79.774658203125,0.3403203436318251,0
73.46831597222223,0.5158306192360934,0
83.40606011284723,0.5619687137071385,0
86.0326877170139,0.5206690702175315,1
74.61515299479167,0.7353257952001262,0
80.34855143229167,0.6097947180151673,0
59.04435221354166,0.5562531243000786,1
73.37250434027777,0.6766842990528913,0
81.64683702256944,0.3651284159775209,1
60.234375,0.5089404324055371,1
53.488389756944436,0.5751845083375899,1
80.81358506944444,0.5709157942862193,0
65.1494140625,0.4716174603003356,1
57.47808159722222,0.5290959844042786,1
55.93560112847222,0.5407706567571854,1
48.3779296875,0.6081469976712787,1
79.44292534722223,0.5856712788841587,0
77.7224392361111,0.6487614045249147,0
78.93269856770833,0.6192511665866555,0
61.06545681423611,0.5997449428710656,1
51.444932725694436,0.5984721465305823,1
81.50455729166667,0.5618397250340057,0
57.039333767361114,0.5684937786213249,1
85.42464192708333,0.3843844284567338,0
75.9169650607639,0.5632102390215727,1
63.651638454861114,0.4710481730117703,1
81.66398111979167,0.5305893254703453,0
82.140869140625,0.5565774239635325,0
69.3637424045139,0.614609697343312,1
86.41468641493056,0.5133506151658247,0
77.5204806857639,0.6203608171928773,0
60.42464192708334,0.5232801725136916,1
52.661512586805564,0.5779450381882151,1
74.6748046875,0.6260959173584228,0
81.0793185763889,0.5776059248956248,0
78.27848307291667,0.5805023367989477,0
79.64697265625,0.6230594549990234,0
59.12255859375,0.5202107987872839,0
62.87451171875,0.5837980265362176,1
74.60847981770833,0.6472671713177385,0
95.78024631076387,0.5431411828126014,1
68.17900933159723,0.5550006384831976,1
56.40475802951389,0.5440426330814334,0
52.97135416666666,0.5682424715573815,1
76.82500542534723,0.6326756735476979,0
50.30685763888889,0.5989970213294717,1
75.0615505642361,0.6666899091693204,0
99.03724500868056,0.5951352515448621,1
56.468044704861114,0.5656292574677242,1
84.19287109375,0.6030925634142569,1
73.56697591145833,0.668229262746623,0
52.10869683159722,0.584396789774921,1
76.13416883680556,0.6874219488336479,0
61.24601236979166,0.4881183126035269,1
47.92146809895834,0.6129431541010317,1
64.468017578125,0.5196895422171233,1
80.50862630208333,0.5618441025749976,0
74.4846462673611,0.7032369782812938,0
77.95157877604167,0.6240179986388947,0
80.44224717881944,0.5922720277551669,0
79.59990776909723,0.599783042163869,0
81.78157552083333,0.551854320581093,0
74.7834743923611,0.7150983018603831,0
79.87310112847223,0.5797473027509247,0
66.46630859375,0.5200226405809828,0
58.361707899305564,0.5577092525591251,0
58.634548611111114,0.5271058242433507,1
60.181532118055564,0.5238322379964946,1
91.53952365451387,0.2429219861832332,0
75.98613823784723,0.38611650173181933,0
86.4889865451389,0.3264557401838183,1
62.63544379340278,0.683567784481157,1
75.18562825520833,0.6871389773930211,0
79.36737738715277,0.6164291521115974,0
76.3142361111111,0.6604401033165632,0
83.97086588541667,0.54121072624759,0
75.064697265625,0.7020740213460358,0
49.36233181423611,0.6170773256669071,1
50.77170138888889,0.5977667467017479,1
68.19612630208333,0.6143542913672764,1
73.98871527777777,0.7524232613625315,0
58.33837890625,0.5236761939114809,1
73.34773763020833,0.6127507362050129,1
58.71858723958334,0.5387833544832497,1
79.43060980902777,0.6622405491823947,0
81.9719509548611,0.548582595356156,0
52.930284288194436,0.5733920212605672,1
78.5602756076389,0.6548071303567451,0
94.45133463541669,0.2477688865279561,1
95.408447265625,0.5621163778145049,1
78.45149739583333,0.6012799229548056,0
87.67738172743056,0.528813093206303,1
87.95933702256944,0.4034482700344855,0
52.56901041666666,0.5965866944247178,1
83.93994140625,0.5418698021908869,1
91.26877170138887,0.5431502861687592,1
77.572509765625,0.6190888077278744,0
89.010498046875,0.3571623234445828,0
53.86279296875,0.5605017497427698,0
79.06480577256944,0.6211512691494393,0
51.91115993923611,0.5850419646206129,1
86.33973524305556,0.4275642511230228,0
53.83930121527778,0.5840360120573292,1
73.17298719618056,0.657856395729395,0
74.1850314670139,0.6512292693908232,0
76.35877821180556,0.6082540777726647,1
55.00984700520834,0.5733114931418124,1
85.5720486111111,0.42190780224153984,0
58.36282009548611,0.5254332122047367,1
65.39111328125,0.532613206156316,1
59.008544921875,0.5234216583602118,1
91.88145616319444,0.5248948654711088,1
52.72458224826389,0.576167956303432,1
94.76486545138887,0.2473691664144995,1
93.50227864583331,0.543520082877519,0
81.92881944444444,0.5457225914389929,0
81.8481174045139,0.5475813203161054,0
52.052354600694436,0.5840620490288874,1
83.53333875868056,0.5120810588647841,0
84.02237955729167,0.5140545813267956,0
51.63435872395834,0.5974745309835401,1
49.30900065104166,0.6011391922354687,1
54.77783203125,0.5853347426756135,1
79.58089192708333,0.6196278919752588,0
78.1643337673611,0.3663311693707483,0
95.33192274305556,0.2446496969896721,1
77.21207682291667,0.6482631822165891,0
55.57256401909722,0.5594215960050497,1
80.00162760416667,0.6045433617163796,0
50.99362521701389,0.5904546863770148,0
91.532470703125,0.611893917216902,1
72.2153049045139,0.5154247224631888,1
73.00472005208333,0.6719008887770946,0
74.8554958767361,0.6671096920561782,0
86.708984375,0.3011410576694017,0
80.45692274305556,0.6112504525504499,0
76.50065104166667,0.6244058190136881,0
75.80506727430556,0.7278525616947459,0
81.541259765625,0.5789774822229933,0
53.70597330729166,0.5652221962763138,0
52.32158745659722,0.5786369125583556,1
53.863172743055564,0.5870875201501884,1
77.196044921875,0.600034226463273,0
56.52360026041666,0.5282475828913639,1
77.57025824652777,0.6318530592499141,0
55.58596462673611,0.5625966194059365,1
79.6863064236111,0.5841962494477869,0
51.90665690104166,0.5818606097544289,1
53.564832899305564,0.5734794094640397,1
79.1650661892361,0.5513517132758372,0
68.0332302517361,0.5536079520131556,1
87.74625651041669,0.6244010049520807,1
71.81312391493056,0.7596106505547375,0
80.85099283854167,0.5842079699975099,0
47.92952473958334,0.7425615207271994,0
97.22268337673613,0.516258499157742,1
80.77159288194444,0.5611826841813643,0
58.29440646701389,0.5458058237576581,1
106.40199110243056,0.34791701139914577,1
59.957302517361114,0.620175317049772,1
52.00930447048611,0.5874534478285747,1
70.28946940104167,0.4908000124082221,1
49.214599609375,0.5926789310460544,1
80.62055121527777,0.6399437297459543,0
82.60590277777777,0.5444078145365736,0
81.2534450954861,0.3768023308640722,0
52.522840711805564,0.5786177541254126,1
103.46234809027777,0.4005759305620793,1
50.904188368055564,0.6093731968733718,1
48.220458984375,0.6066167647480117,1
72.652587890625,0.6595475427568668,0
47.796278211805564,0.6042611667161247,1
79.62437608506944,0.39013742231858944,0
74.45914713541667,0.6673110196159618,0
83.15185546875,0.5522573231825276,0
58.976345486111114,0.6216511158650859,1
53.14545355902778,0.5609935281618013,1
48.19620768229166,0.6079746379181686,1
77.50702582465277,0.6079664295360342,0
76.47574869791667,0.6653508211515015,0
79.30767144097223,0.5849184357478955,0
66.22791883680556,0.5163401175759537,1
52.53214518229166,0.5764115327607292,1
73.6484375,0.6569840858102697,0
83.13484700520833,0.5522446001449474,0
84.77479383680556,0.4975652082798858,0
74.3036838107639,0.7141253102763879,0
74.95863172743056,0.7290160882124121,0
50.79573567708334,0.5913215754558958,1
69.14366319444444,0.6300743139071553,1
57.90494791666666,0.5209347236182759,1
81.65435112847223,0.5549737815715086,0
82.55878363715277,0.3564566663210302,1
53.75509982638889,0.5712514241132748,1
75.77240668402777,0.7045167043952322,0
56.50689019097222,0.5496212187519294,1
84.7883029513889,0.4887545916673219,0
57.94159613715278,0.5206505232619904,0
81.11634657118056,0.5769923065790432,0
101.48600260416669,0.5299824001333641,1
52.47808159722222,0.5816462909566968,1
51.77392578125,0.5861325814679155,1
83.41837565104167,0.5263328456792552,0
52.467529296875,0.5880308461189561,1
57.52205403645834,0.5429263879002129,1
80.57625325520833,0.3853450023628222,1
56.46427408854166,0.5555871919583942,1
85.08311631944444,0.4722614610502914,0
83.87752278645833,0.3255940786216338,0
54.824462890625,0.5854875820565404,1
53.06393771701389,0.580644543292049,1
89.7246365017361,0.2836689471071981,0
52.77341037326389,0.5830649112414744,1
55.20071072048611,0.5810468204047626,1
90.07769097222223,0.31475018717241143,0
78.73676215277777,0.5716168959778373,0
75.41387261284723,0.6909616568225289,0
83.0939670138889,0.4270818120987761,0
73.3552517361111,0.6772389847411737,0
79.2350802951389,0.5986316627886707,0
97.67030164930556,0.3030184200865728,1
112.86203342013887,0.3234421073282795,1
79.5881618923611,0.585797556802402,0
62.34738498263889,0.584444321939294,1
85.34480794270833,0.31998854583321096,1
49.64010959201389,0.5826792710267316,1
75.63538953993056,0.6448349008673633,0
58.54459635416666,0.5746985755590222,1
94.67898220486113,0.2614931403576637,1
63.76828342013889,0.533444219671482,1
77.88701714409723,0.6440912802376437,0
51.477430555555564,0.5875894543352098,1
85.47816297743056,0.3596359785115333,0
49.89274088541666,0.607634907090146,1
59.002685546875,0.5010391185200362,1
77.6865505642361,0.6119258065132589,0
71.59478081597223,0.7634472296181452,0
51.40288628472222,0.5930973678796794,1
112.563720703125,0.34571200912975497,1
73.02986653645833,0.7527926401413705,0
79.73079427083333,0.6094780592011487,0
82.61688910590277,0.5195997536211416,0
50.12548828125,0.5912131561783013,1
54.209364149305564,0.5699553102634504,0
86.67911783854169,0.3119246327491429,0
79.82169596354167,0.6193500361779277,0
80.1125217013889,0.6224495002457395,0
57.73980034722222,0.5632023525909884,1
89.82134331597223,0.6039051977651453,1
50.719618055555564,0.6006705869054224,0
52.780870225694436,0.5742985052775151,1
49.20917426215278,0.5985578337654112,1
53.363389756944436,0.5526959710058725,1
82.72102864583333,0.5691530212124777,0
54.707166883680564,0.5791671481926135,1
77.5617404513889,0.6342258349905036,0
74.9538302951389,0.6420672468813392,0
70.883544921875,0.5087552857968687,1
55.60359700520834,0.5493485092306402,1
49.20035807291666,0.6019850584870259,1
93.73760308159723,0.2644350857984313,1
55.833387586805564,0.5586822909416614,1
105.45439995659723,0.3393921730971222,1
49.07967122395834,0.6002622691687566,1
110.19466145833331,0.4900155411719879,1
77.93836805555556,0.6362788557229878,0
55.59152560763889,0.5536425165578579,0
73.49327256944444,0.6743480397332887,0
56.47591145833334,0.5223395725584542,1
78.96568467881944,0.6366646253510382,0
51.75992838541666,0.5894324940005706,1
52.68622504340278,0.5757976426034989,1
62.51142035590278,0.5126782376266039,1
78.902587890625,0.5326678680547753,0
55.2802734375,0.5658936143235386,1
57.40372721354166,0.5344678057988127,0
73.53944227430556,0.7453073988804743,0
53.004774305555564,0.5685890211326736,1
53.04180230034722,0.5780683236093627,1
71.379150390625,0.6710789517814182,0
83.09467230902777,0.5003073238237409,0
52.51228841145834,0.5876433932034671,1
56.89944118923611,0.5617434009061794,1
83.3816189236111,0.5023951777939487,0
92.43009440104169,0.2736431124354575,1
52.522840711805564,0.5786177541254126,1
51.91153971354166,0.5814421704615929,1
80.34315321180556,0.6102085499519427,0
75.72368706597223,0.6848940321527465,0
107.46221245659723,0.25698862348829,1
48.60782877604166,0.600455671426901,1
104.94734700520831,0.39374310941053936,1
80.626220703125,0.5302540455648684,1
72.80943467881944,0.7487684792530065,0
77.3342013888889,0.6721941588622563,0
85.47216796875,0.495954739268222,0
56.223524305555564,0.5620769492087199,1
57.23654513888889,0.5732350742021184,1
53.32440863715278,0.5819170745172398,1
56.82440863715278,0.6031277228281048,0
81.24503580729167,0.5968246055876899,0
53.130506727430564,0.5666291074036229,1
61.98581271701389,0.5231185334329495,1
76.76182725694444,0.4265269950604985,1
53.316297743055564,0.5556205481888056,1
53.22170681423611,0.5579801678986006,1
69.71923828125,0.6607240778229665,0
51.470458984375,0.5919426238463814,1
61.15104166666666,0.5314891993311167,1
74.31963433159723,0.6328528129965099,0
73.78963216145833,0.7241782888698751,0
78.17613389756944,0.5922835191336584,0
77.10660807291667,0.660152564720771,0
79.3650173611111,0.6483724268927148,0
91.94794379340277,0.21843077141500888,0
86.54554578993056,0.3876808018175856,0
70.1079372829861,0.5197785596867757,1
79.65277777777777,0.5930449835788418,0
93.94420030381944,0.2195613774864129,1
74.1011013454861,0.6471385432490079,0
78.08455403645833,0.6353227950700797,0
76.44978841145833,0.7185332882743968,0
60.941514756944436,0.5081341048967905,1
52.268825954861114,0.5626960672403548,1
55.64119466145834,0.5564975062130676,1
74.0386013454861,0.6481917773027049,0
103.74441189236113,0.4211055563389069,1
78.95084635416667,0.5633556380659315,1
54.71918402777778,0.5591294072380224,1
84.35723198784723,0.4800302897966366,0
55.83987087673611,0.567265105974184,1
76.10164388020833,0.676137708837215,0
57.89797634548611,0.5336585935646175,0
79.09947374131944,0.5869245425532587,0
76.04597981770833,0.6279402177813123,1
80.73155381944444,0.60808692272965,0
73.58208550347223,0.7346766576377124,0
63.20279947916666,0.5334916020044116,1
52.946668836805564,0.5755242228370547,1
81.11767578125,0.558192964626537,0
77.76350911458333,0.5419534727979433,0
61.81024848090278,0.6294291907755764,1
55.48163519965278,0.5589085256589987,1
79.8659939236111,0.5927411177199454,0
58.396728515625,0.5243529764431548,1
112.34914822048613,0.3271298293223114,1
77.74894205729167,0.6622010420514787,0
77.93994140625,0.6085459971381589,0
52.838487413194436,0.5788791032867538,1
98.46864149305556,0.5605851270579839,1
82.5651584201389,0.3419436903389078,0
79.74622938368056,0.5917948692437673,0
79.46202256944444,0.6435703046542777,0
57.179578993055564,0.5617129403334583,1
52.28759765625,0.5847870280168099,1
65.24281141493056,0.6091001478490339,1
81.1836208767361,0.5873922554386785,0
72.31201171875,0.7406408954174742,0
66.55962456597223,0.5002600295513567,1
95.67092556423613,0.4062484605069341,0
59.05094401041666,0.5240782198507102,1
82.31822374131944,0.3693800784107604,0
85.677490234375,0.4034266215602841,0
99.53653971354169,0.5243628945559056,1
53.83892144097222,0.5590249074112237,1
77.576904296875,0.6468112616843097,0
82.14176432291667,0.5524048549000247,0
82.00602213541667,0.3649453548843953,0
68.02183702256944,0.5944155418179862,1
52.00957573784722,0.5866198581556978,1
56.04153103298611,0.5738521844409302,1
80.02452256944444,0.5787634578574873,0
80.72905815972223,0.5680150548928928,0
78.116455078125,0.6464850347344964,0
55.08512369791666,0.6067948084711776,1
75.80243598090277,0.6799314946174649,0
87.93060980902777,0.550822181709475,1
84.19135199652777,0.3619731992082817,0
55.588134765625,0.5618859253841657,1
87.178466796875,0.311609567923788,1
50.871690538194436,0.6035015674771338,0
87.13994683159723,0.3282397742471343,1
58.126736111111114,0.5935634089159971,1
48.22173394097222,0.615272998160225,0
76.843994140625,0.5705358091365295,0
51.71256510416666,0.5914184228869203,1
55.51017252604166,0.5490750552261155,0
78.7077365451389,0.5644159766631586,0
71.9980197482639,0.7553105089782286,0
52.736707899305564,0.5865858165353692,1
86.15337456597223,0.5194326817238001,0
79.0912814670139,0.5948973317206716,0
52.78957790798611,0.5839097812700418,1
59.19352213541666,0.5826101866547301,1
51.30764431423611,0.5722581031159573,1
68.88004557291667,0.5941664124024485,1
80.13018120659723,0.5962429176446313,0
94.20616319444444,0.21456648468869646,1
48.76996527777778,0.6049900910994694,1
53.72873263888889,0.5736980103669097,1
57.47726779513889,0.5218533109562769,0
63.44805230034722,0.6071948871956699,1
75.09464518229167,0.5292956493350965,0
83.99180772569444,0.5257799839504673,0
74.15543619791667,0.7408986640127897,0
111.15101453993056,0.34044673519253765,1
56.80514865451389,0.5686923138233927,1
58.58357747395834,0.5214157488255035,0
47.348280164930564,0.6145091247141917,1
84.74202473958333,0.3421915382727715,0
86.45762803819444,0.3918744623877912,1
53.95602756076389,0.5765275318894829,1
84.56016710069444,0.5063109833437566,0
72.95464409722223,0.7458130718857211,0
73.90001085069444,0.6460188451360047,0
72.8047146267361,0.7087736468566942,0
80.35167100694444,0.5729413435343683,0
63.42328559027778,0.5045361912016668,0
76.6340603298611,0.6518034471972267,0
67.04500325520833,0.516953839134361,1
88.52237955729169,0.39926769305317605,0
80.53423394097223,0.6044569202115773,0
85.71514214409723,0.3320397699236671,1
80.34627278645833,0.6173914559713207,0
52.80441623263889,0.5753363411822882,1
98.44373914930556,0.5487231690925181,1
49.594862196180564,0.6205454414355895,0
75.80718315972223,0.6553996392677995,0
52.15120442708334,0.5855561674291653,1
47.65323893229166,0.6072178026680277,1
77.65882703993056,0.5383798352114535,0
98.58417426215277,0.5965971548201766,1
52.50680881076389,0.5724438655992244,1
61.47433810763889,0.5379135669754918,1
85.04486762152777,0.4645216630416841,0
82.04139539930556,0.5124323268775777,0
48.73773871527778,0.6059213995772825,1
81.28068033854167,0.5746294893690951,0
78.1199001736111,0.6735836046344197,0
74.576416015625,0.6268810395965135,0
77.8322482638889,0.6248321912961685,0
56.90277777777778,0.5336694825547537,1
78.22054036458333,0.663740350066557,0
50.50016276041666,0.6107366556708002,1
81.38585069444444,0.5901337924704394,0
77.74913194444444,0.5746793889088089,0
78.77476671006944,0.6064361007503298,0
69.86311848958333,0.6683267314598151,0
52.388780381944436,0.5842851841612375,1
70.073486328125,0.6261436984407825,1
49.48006184895834,0.5910721435109161,1
82.54869249131944,0.4925162998237554,0
52.061306423611114,0.5920171187068229,1
102.406494140625,0.3832841384677015,1
77.32215711805556,0.5914693951117592,0
56.26565212673611,0.5906075033058193,1
76.13330078125,0.6383118324717146,0
57.81003146701389,0.5748193950485171,1
52.88834635416666,0.5738597177810887,1
84.42735460069444,0.6052209748731306,1
81.07267252604167,0.5509845545426856,0
50.936170789930564,0.5980092527808941,1
81.5942111545139,0.560595424365264,0
55.57470703125,0.5644021144347999,1
51.61764865451389,0.5902580705463493,1
92.51944986979169,0.2287770948819991,0
56.20331488715278,0.5298194199616605,1
61.02658420138889,0.5268810745115916,1
70.67325846354167,0.5732548049175303,1
81.48087565104167,0.5270486214572394,0
80.03304036458333,0.5497153425780062,1
53.602159288194436,0.578487867239252,1
64.77449544270833,0.5873669542028217,1
52.54364691840278,0.5881750168398399,1
51.182752821180564,0.5936545789683498,1
77.93343098958333,0.632597858351035,0
56.365614149305564,0.5558132897108038,1
76.68910047743056,0.6004620653156649,1
84.87798394097223,0.5447624561926955,1
74.4399142795139,0.7308304137161651,0
62.919786241319436,0.5195195416863354,1
58.632921006944436,0.705519991911476,1
63.50862630208334,0.5885383121229384,1
89.54606119791669,0.30220578799354525,0
80.56583658854167,0.588242903416227,0
50.68427191840278,0.5794751121275907,1
58.21134440104166,0.5194679142088005,1
74.18646918402777,0.7191260452703238,0
82.40473090277777,0.5704282602394812,0
70.74300130208333,0.6885668868939068,0
76.1604275173611,0.6327520304450472,0
48.536865234375,0.6020657517969162,1
77.08167860243056,0.5891363996205126,0
86.83208550347223,0.5908059802966689,1
73.82703993055556,0.7244587124417207,0
88.68253580729169,0.4729853537383555,0
54.867431640625,0.5641396600911142,1
69.58580186631944,0.6004915656297429,1
53.59564887152778,0.5694514315465997,1
81.68196614583333,0.6325713743673452,1
53.13753255208334,0.5797839758813307,1
103.86781141493056,0.4123962249240972,1
80.23578559027777,0.6021660582564194,1
70.61919487847223,0.5232316090277102,1
84.49788411458333,0.5000411278041039,0
76.49365234375,0.6477891196947178,0
54.66023763020834,0.5723717802717306,1
90.20602756076387,0.3022779306502227,0
80.60316297743056,0.5901585142622071,0
76.05045572916667,0.6950351468461831,0
85.038818359375,0.39932935540352094,1
81.0033908420139,0.5657340507089037,0
61.42399088541666,0.5523367942765778,1
55.79134114583334,0.5624292517906153,1
86.14995659722223,0.4146823260216783,0
51.78385416666666,0.5847651792593884,1
53.76217990451389,0.571966128113991,1
77.89800347222223,0.5916349985404958,0
78.82514105902777,0.6108898191850172,0
61.01657443576389,0.5408251162535698,0
59.474880642361114,0.5110192725380024,1
80.43196614583333,0.5894854313912846,0
83.96025933159723,0.3244785393711489,0
78.91756184895833,0.5780480359845372,0
73.95231119791667,0.3707021641588933,0
91.49156358506944,0.2850064774982289,1
53.258544921875,0.5873063940579704,1
85.26348198784723,0.4788578511013952,0
80.638427734375,0.5955938039496098,0
59.69723849826389,0.5373185746848352,1
79.28214518229167,0.5118441556336621,0
76.738037109375,0.670793377435431,0
55.673828125,0.5730435770406712,1
80.35655381944444,0.6010899530436767,0
109.48475477430556,0.24655506539566674,1
79.99964735243056,0.6001807177127078,0
78.16468641493056,0.5960801193946481,0
49.066541883680564,0.6011717840687122,1
87.70781792534723,0.3199014706949416,1
59.18967013888889,0.5295086882222231,1
54.27346462673611,0.5614003308202413,1
81.63945855034723,0.5856713662081062,0
81.3571506076389,0.46531082389761,1
51.96451822916666,0.5872857634535544,1
59.50632052951389,0.4965548039692396,1
81.40562608506944,0.6154016825053642,0
74.3244900173611,0.7247283940107632,0
80.015869140625,0.6075592078770546,0
48.77495659722222,0.6054893825891384,1
51.07443576388889,0.5875995002947986,1
84.9098849826389,0.4261323996319088,0
77.1577419704861,0.5983418865570839,0
86.954833984375,0.3242417499942001,1
80.15470377604167,0.6185056672554323,0
74.5163302951389,0.6594972205443644,0
78.4516330295139,0.6101436060481059,0
78.43343098958333,0.6384710241485544,0
49.126708984375,0.6004893732065192,1
76.08555772569444,0.6918003913771402,0
83.9699978298611,0.5032637606853413,0
80.9572482638889,0.5613974679557985,0
52.50054253472222,0.5703615190563897,1
54.440782335069436,0.5940925984223194,1
60.277235243055564,0.5143877885548223,1
75.2377658420139,0.6302294191464216,0
58.51299370659722,0.5250806518544096,1
62.06366644965278,0.5124721562843564,1
77.92418077256944,0.6661730404725874,0
80.863037109375,0.4830979678835109,0
74.03114149305556,0.7266210230210682,0
82.38910590277777,0.5215860600414041,0
75.06659613715277,0.6752097316281648,0
79.80069986979167,0.6252047740030438,0
99.5751953125,0.5869585408452497,1
52.23293728298611,0.5702187651160479,1
89.77159288194444,0.29904972363266585,0
48.34814453125,0.6103856135475818,0
75.0307345920139,0.6954046390359853,0
82.45477973090277,0.5802651792978087,0
80.21204969618056,0.6091521329865548,0
56.44281684027778,0.5547473689966202,1
57.111707899305564,0.5714049747841375,1
93.28597005208331,0.6059505928856489,1
55.52376302083334,0.5419712076412571,1
49.86357964409722,0.6008772280447336,1
80.57622612847223,0.5379376988463997,0
72.55132378472223,0.6806748897761307,0
81.85045030381944,0.5854040882154439,0
52.683458116319436,0.576269033176564,1
88.4662814670139,0.29610575062136946,1
85.73833550347223,0.4675006766961152,0
77.9980197482639,0.5322612126270251,0
95.01774088541669,0.26141900514982985,1
81.64751519097223,0.5621622073454599,0
50.363172743055564,0.5867143017420774,1
79.6925998263889,0.6046442498578297,0
61.089599609375,0.5493907340557108,1
81.76470269097223,0.330777832198396,1
55.877332899305564,0.5656596199510029,1
83.4243435329861,0.4924475639692753,0
74.41680230034723,0.6514770496958321,0
54.87961154513889,0.548789462217639,1
53.81184895833334,0.5588469615536875,0
78.25469292534723,0.6477273611683159,0
77.98982747395833,0.6430060876530217,0
81.63902452256944,0.5573970932384447,0
47.983289930555564,0.6026953756757409,1
79.1365017361111,0.5641811359900902,0
75.1819118923611,0.7154437230077175,0
58.74430338541666,0.6127309697459713,1
51.35039605034722,0.5809479205473573,1
79.26426866319444,0.649714592566207,0
62.269911024305564,0.5087219370285674,1
84.61263020833333,0.487358387201735,0
89.09638129340277,0.3196483197368829,1
52.583387586805564,0.5819354221164028,1
77.3030056423611,0.6748225870991189,0
79.099365234375,0.4189880414573959,1
82.78304036458333,0.6089745919962057,1
57.44536675347222,0.5050332047302611,1
80.19664171006944,0.5399724248041979,0
79.3244357638889,0.398925424038712,0
81.0783420138889,0.6040163729650212,0
67.21617296006944,0.5182186067807746,1
54.57354058159722,0.5900980610135523,1
51.59627278645834,0.5877251718397802,1
76.0978732638889,0.677199699708411,0
73.0083279079861,0.6622702718783938,0
62.07137044270834,0.4928088143887784,1
90.73008897569444,0.5632852675805015,1
52.46883138020834,0.580403426737929,1
56.782009548611114,0.5504056311225273,1
75.239013671875,0.7069633948547099,0
82.35169813368056,0.5222346301710561,0
60.639404296875,0.4917270582206635,1
60.02666558159722,0.5121729594939675,1
80.528076171875,0.5136918809393659,0
78.57191297743056,0.6037562105899791,0
50.98771158854166,0.5942256227447363,0
79.28412543402777,0.6178234533046981,0
54.619493272569436,0.5768456676318768,1
77.63623046875,0.5552830053216627,0
66.3952907986111,0.5429689492833946,1
49.62980143229166,0.5993347428589124,1
51.37630208333334,0.5643124679345356,1
60.18891059027778,0.5084947876463924,1
75.59733072916667,0.5953306972901837,0
71.9198947482639,0.6740435916287939,0
52.33306206597222,0.5798723049320362,1
81.304443359375,0.5707832293849654,0
79.377197265625,0.6144296175716873,0
78.33430989583333,0.5741750691948609,0
80.62757703993056,0.5358519918073388,0
68.90972222222223,0.5301851979240317,1
52.842420789930564,0.5705355080165079,1
79.1924099392361,0.6475282036448171,0
78.46527777777777,0.6843657782111711,0
54.546766493055564,0.5909383622827238,1
53.70011393229166,0.5473516184349806,1
53.15166558159722,0.5796546440627627,1
80.4524197048611,0.5754832750293123,0
83.42390950520833,0.3229815025580096,0
80.48030598958333,0.5542416604216261,0
50.52254231770834,0.5950995591129977,1
89.3457302517361,0.3038723365786647,1
74.21183268229167,0.6485629948414007,0
80.6279296875,0.6595927267287064,0
47.99593098958334,0.6165061649698245,1
79.43440755208333,0.6287071069780397,0
80.36363389756944,0.6091050432484051,0
54.46579318576389,0.5515928586641216,1
57.78702799479166,0.5036417555501622,1
61.819227430555564,0.5716027433241928,1
82.16663953993056,0.547091362618354,0
84.51982964409723,0.32792102399861817,0
53.566677517361114,0.5562017302628128,1
78.24921332465277,0.5743281297588941,0
74.9579806857639,0.4229739389301206,0
77.72943793402777,0.6531987651760183,0
54.151231553819436,0.5761067467999712,1
58.664659288194436,0.6013255820547653,1
80.941650390625,0.5938036714575162,0
56.693142361111114,0.5515962724449618,1
62.00992838541666,0.5014704526699961,1
58.460557725694436,0.5045893143218039,1
77.65440538194444,0.4187213819221653,0
50.59781901041666,0.5923384535594227,1
73.7638888888889,0.5943000278850681,1
79.8139919704861,0.5837679979239232,0
84.83723958333333,0.4630693414229216,0
50.27596028645834,0.5995888845638481,1
81.49641927083333,0.5566734187405112,0
59.05181206597222,0.5051280547722745,1
56.28851996527778,0.5244256268802158,0
80.25599500868056,0.4806985575392974,0
64.3031955295139,0.57880441288509,1
52.841796875,0.6128485670407988,1
93.88186306423613,0.2416325748228913,1
52.94466145833334,0.5599747944563581,1
81.3859592013889,0.6561967140056825,0
84.70562065972223,0.4966658835146834,0
58.542344835069436,0.5241995546754534,1
58.68193901909722,0.5382286660916219,0
70.70106336805556,0.5413600084831038,1
56.642361111111114,0.6079435568452901,1
91.33192274305556,0.4126120951393919,1
86.42719184027777,0.4323643792222739,1
95.97102864583331,0.5489182822693054,1
115.306640625,0.13122912635827486,1
49.37494574652778,0.607967228815149,1
58.68193901909722,0.5207147351261978,1
56.79106987847222,0.558059009493777,1
86.7541775173611,0.3331859152391493,0
51.4873046875,0.5911314063343375,1
94.17127821180556,0.25336496461780644,0
83.9628634982639,0.5651132474823242,0
74.74663628472223,0.6463586032466822,1
60.09320746527778,0.6306170969801932,1
60.18657769097222,0.5118122688223258,1
48.081922743055564,0.6051360970976278,1
83.44710286458333,0.5459846634456582,0
75.10872395833333,0.6868637447240318,0
57.86908637152778,0.5248010189768881,1
76.62250434027777,0.6751583057448821,0
80.81995985243056,0.5421806486614215,0
57.82492404513889,0.5393673176458623,1
50.80452473958334,0.5965746285844352,1
53.230604383680564,0.5753179939958395,1
74.28705512152777,0.6677092657934283,0
75.29039171006944,0.6899250732403313,0
83.48130967881944,0.5160883185943103,0
87.792236328125,0.30376002708026456,0
59.68264431423611,0.4946958547675501,1
80.06941731770833,0.6066428160567121,1
78.54874674479167,0.6045799833419555,0
49.82942708333334,0.5969550792075475,1
58.082763671875,0.6043788766324791,1
85.95060221354169,0.4914526020760248,0
87.09087456597223,0.31004875817027144,1
85.40839301215277,0.4470252300377235,0
58.87079535590278,0.5918283962706399,1
92.33292643229169,0.2594996619980071,0
72.5627170138889,0.7494381613846309,0
110.43451605902777,0.5222935313889548,1
81.63172743055556,0.5561927396627114,0
51.363064236111114,0.5959187330838817,1
58.40087890625,0.5248103332986489,1
57.02140299479166,0.5080772626086456,0
74.78569878472223,0.6918739592428746,0
52.15068901909722,0.5824373169260181,1
54.658962673611114,0.5769466041427981,1
75.35750325520833,0.7095836619656944,0
74.47197808159723,0.6415667171207019,0
78.86146375868056,0.5078196910085834,0
80.89398871527777,0.582133509750994,0
71.51543511284723,0.5241891008084718,1
85.91704644097223,0.4211212692972843,0
50.715115017361114,0.585805049954799,1
49.988064236111114,0.6081158262836508,0
73.27433268229167,0.6788940975081537,0
57.184461805555564,0.5620457632979731,1
72.44658745659723,0.6767478155154083,0
72.36235894097223,0.5817547248315122,1
67.58897569444444,0.5553008243971422,1
112.77861870659723,0.31896628310138964,1
94.24823676215277,0.2418292074245143,1
75.50306532118056,0.62573124375205,0
74.70496961805556,0.6404515998612059,0
77.54730902777777,0.6580405323384226,0
76.25689019097223,0.6628718712722466,0
70.93983289930556,0.6660237131199218,0
82.26283094618056,0.5096698089392849,0
78.97637261284723,0.6077439052971518,0
91.69533962673613,0.2911041199522112,1
81.31089952256944,0.6001746126639605,0
57.49015299479166,0.5348457334132605,1
53.60432942708334,0.5615423387747669,1
57.05124240451389,0.5396009959045943,1
74.6860080295139,0.6360452464252667,0
52.60555013020834,0.5838728291855074,1
60.78518337673611,0.4925902099115287,1
92.62318250868056,0.24654467938361105,1
61.212510850694436,0.5712276571215853,1
86.10042317708331,0.6140574022639098,1
80.33544921875,0.6160191837784453,0
81.1359592013889,0.5893197808834282,0
81.28162977430556,0.5624059966316859,0
54.17008463541666,0.5873502767068584,1
76.929443359375,0.5971918096540897,0
77.48863389756944,0.6789496533174749,0
51.56510416666666,0.5864059415395529,1
74.1816677517361,0.7255049364907046,0
72.94194878472223,0.6452636036988629,1
77.53719075520833,0.7076079708495439,0
51.93391927083334,0.5867930154347335,1
54.91259765625,0.5581503390577602,1
61.877712673611114,0.5288299817943647,0
73.11686197916667,0.7461640879857334,0
50.60782877604166,0.5938068656242516,1
53.58821614583334,0.5798832376209326,0
54.67439778645834,0.5831227214592155,1
53.976671006944436,0.5846089846248852,1
82.4714626736111,0.5445524004633974,0
78.09581163194444,0.6537958252125975,0
50.315809461805564,0.6013898144612415,1
86.85932074652777,0.3081839698104889,1
94.66216362847223,0.2926400883371693,1
53.583116319444436,0.5650196873721922,1
58.77229817708334,0.5183586733603837,1
86.57600911458331,0.4084447611261025,0
65.5002712673611,0.5911748524042965,1
81.89930555555556,0.5554273756315882,0
80.26407877604167,0.5936854826776943,0
85.68451605902777,0.4616698972798416,0
50.942165798611114,0.5885068800104016,1
82.95174153645833,0.5395321117447391,0
89.36631944444444,0.5736513451117585,1
51.652696397569436,0.5883891230521856,1
77.71563042534723,0.3972644469318594,0
49.37296549479166,0.5977223847517508,1
85.92572699652777,0.4729135286608789,0
57.96780056423611,0.5360181383077279,1
101.73282877604169,0.5347638349708775,1
68.67203776041667,0.5500324145054144,1
83.79950629340277,0.6261007189995317,1
64.59678819444444,0.5165221917820725,1
50.59293619791666,0.6011354610386873,1
83.684326171875,0.3175890420103355,0
80.18351236979167,0.6197473600029726,0
53.20304361979166,0.5572450923298115,1
82.35831705729167,0.35237929704176474,0
73.8573947482639,0.7216019174364173,0
59.63387044270834,0.5161134650947447,1
86.48668077256944,0.3202538799934073,1
47.79546440972222,0.6137190033858845,1
53.37201605902778,0.5674960546319469,1
72.25425889756944,0.7531772434059641,0
54.2314453125,0.5736424187119057,1
53.53157552083334,0.5606174586084813,1
59.198377821180564,0.6083147970588749,1
87.74479166666669,0.4183473128988297,1
81.357666015625,0.6156078474927075,0
79.96576605902777,0.5341036879315991,0
86.10316297743056,0.6083653159337321,1
86.27278645833331,0.465651921765555,0
54.056287977430564,0.6132558988233964,1
69.56513129340277,0.52484788265624,0
53.27395290798611,0.5905958927229963,1
54.615587022569436,0.5667703319425946,1
79.42713758680556,0.5502795210365548,0
58.38625759548611,0.5362429973616905,0
50.66021050347222,0.597970292634104,1
80.06190321180556,0.6100652012648831,0
51.05438910590278,0.5940031335824154,1
85.14960394965277,0.3149287828773493,1
76.76985677083333,0.6311130073667245,0
78.27913411458333,0.6092296137734573,0
48.34147135416666,0.6131418321032928,1
59.627061631944436,0.5338713730284861,1
72.64653862847223,0.6625037715544683,0
56.20467122395834,0.5570603288402691,1
86.82948133680556,0.34606497313611834,0
52.032606336805564,0.5870013512974567,1
71.87879774305556,0.4735562527417699,0
56.08919270833334,0.5371723480078245,1
48.57378472222222,0.599794307213705,1
52.663330078125,0.5921777228050378,1
53.59518771701389,0.5542716954066903,1
111.36208767361113,0.5143155185214237,1
78.22129991319444,0.6526160420175782,0
79.6479763454861,0.5915168876865109,0
75.03694661458333,0.7101658167382877,0
94.71256510416669,0.5526784813495831,1
95.15825737847223,0.6199216454395621,1
49.214002821180564,0.5912979793700743,1
77.81922743055556,0.661078725048941,0
72.76972113715277,0.4482019365962801,1
61.00021701388889,0.5281507407820767,0
56.68684895833334,0.5353065993095754,1
80.65199110243056,0.5949589420002199,0
56.034071180555564,0.5548969003855617,1
55.70917426215278,0.5802202578551762,1
82.25523546006944,0.5589119001495937,0
82.40386284722223,0.4440056212214914,1
52.69696723090278,0.5656452498702295,0
74.74495442708333,0.5581550079526219,0
52.333143446180564,0.5849033256612358,1
83.14876302083333,0.4948081838889563,0
72.9609646267361,0.6648742330721942,0
85.85161675347223,0.4669940037490292,0
60.69040256076389,0.5275812216434387,1
49.949598524305564,0.5986382255564828,1
100.797119140625,0.5824257584198839,1
61.727186414930564,0.4882844643607062,1
73.683349609375,0.7475936774139011,0
80.11857096354167,0.6098552049961973,1
57.92597113715278,0.5167078836975268,1
103.33460828993056,0.5794508558929065,1
72.13783094618056,0.6441835887213979,1
